,City,Cloudiness,Country,Date,Humidity,Lat,Lng,Max temp,Wind Speed
0,Busselton,31,AU,1567541789,56,-33.64,115.35,50.0,29.95
1,Khatanga,94,RU,1567541789,85,71.98,102.47,43.83,9.69
2,Cockburn Town,0,TC,1567541789,74,21.46,-71.14,84.15,13.27
3,La Sarre,100,CA,1567541492,61,48.8,-79.2,55.35,12.35
4,Rikitea,100,PF,1567541525,87,-23.12,-134.97,72.09,9.24
5,Upernavik,0,GL,1567541602,52,72.79,-56.15,39.69,9.06
6,Yellowknife,90,CA,1567541538,76,62.45,-114.38,48.2,13.87
7,Kapaa,40,US,1567541790,62,22.08,-159.32,87.8,11.41
8,New Norfolk,0,AU,1567541790,57,-42.78,147.06,50.0,8.05
9,Mataura,100,NZ,1567541523,96,-46.19,168.86,39.0,1.01
10,Port Alfred,0,ZA,1567541790,85,-33.59,26.89,62.01,3.0
11,Margate,0,AU,1567541723,57,-43.03,147.26,50.0,8.05
12,Ribeira Grande,75,PT,1567541791,60,38.52,-28.7,73.4,10.29
13,Saskylakh,100,RU,1567541561,78,71.97,114.09,43.11,10.11
14,Kavieng,85,PG,1567541791,75,-2.57,150.8,83.61,12.26
15,Avarua,35,CK,1567541791,56,-21.21,-159.78,73.4,12.75
16,Leningradskiy,98,RU,1567541526,82,69.38,178.42,35.19,4.59
17,Punta Arenas,40,CL,1567541791,56,-53.16,-70.91,41.0,13.87
18,Pokhara,100,NP,1567541791,98,28.21,83.99,57.51,1.05
19,Albany,1,US,1567541791,57,42.65,-73.75,78.01,3.36
20,Hofn,24,IS,1567541792,80,64.25,-15.21,33.21,11.77
21,Cherskiy,0,RU,1567541792,48,68.75,161.3,45.99,3.71
22,Inongo,100,CD,1567541792,93,-1.93,18.29,70.47,3.38
23,Bredasdorp,25,ZA,1567541792,67,-34.53,20.04,59.0,4.7
24,Yar-Sale,100,RU,1567541792,89,66.83,70.83,48.51,6.58
25,Mayumba,100,GA,1567541792,86,-3.44,10.65,73.71,12.71
26,Thompson,90,CA,1567541792,58,55.74,-97.86,57.2,10.29
27,Barrow,32,AR,1567541607,64,-38.31,-60.23,43.47,17.72
28,Bubaque,100,GW,1567541793,84,11.28,-15.83,82.53,10.78
29,Haines Junction,97,CA,1567541793,66,60.75,-137.51,48.87,4.52
30,Kodiak,40,US,1567541793,66,39.95,-94.76,91.99,5.82
31,Katsuura,75,JP,1567541793,94,33.93,134.5,77.0,4.7
32,Sept-Iles,20,CA,1567541565,58,50.2,-66.38,57.2,13.87
33,Korfovskiy,0,RU,1567541793,77,48.22,135.06,62.6,6.71
34,Fortuna,20,US,1567541794,68,40.6,-124.16,82.0,13.87
35,Eyl,14,SO,1567541794,65,7.98,49.82,76.95,27.63
36,Nouadhibou,0,MR,1567541794,73,20.93,-17.03,77.0,17.22
37,Jamestown,45,AU,1567541547,50,-33.21,138.6,53.73,2.46
38,Gladstone,99,AU,1567541794,66,-23.84,151.26,55.4,4.7
39,Fort Nelson,75,CA,1567541794,77,58.81,-122.69,59.0,6.93
40,Jumla,98,NP,1567541794,96,29.28,82.18,55.53,1.32
41,Mar del Plata,69,AR,1567541795,45,-46.43,-67.52,37.71,19.04
42,Rio Grande,20,BR,1567541662,38,-32.03,-52.1,59.0,8.05
43,Ushuaia,75,AR,1567541710,64,-54.81,-68.31,37.4,19.46
44,Ponta do Sol,86,BR,1567541795,35,-20.63,-46.0,79.47,1.5
45,Qaanaaq,28,GL,1567541795,51,77.48,-69.36,34.11,6.8
46,Cumberland,20,US,1567541795,50,41.97,-71.43,81.0,3.36
47,Lahij,26,YE,1567541795,39,13.06,44.88,94.23,6.11
48,Zyryanka,100,RU,1567541795,56,65.73,150.89,52.83,2.19
49,Camacha,20,PT,1567541796,64,33.08,-16.33,73.4,6.93
50,Sao Filipe,100,CV,1567541796,86,14.9,-24.5,80.91,5.79
51,Airai,0,TL,1567541796,79,-8.93,125.41,63.99,4.7
52,Jawhar,100,IN,1567541796,94,19.91,73.23,76.41,5.68
53,Clyde River,75,CA,1567541796,93,70.47,-68.59,44.6,14.99
54,Cornwall,1,CA,1567541668,42,45.02,-74.73,71.01,4.23
55,Miquelon,75,PM,1567541796,93,47.1,-56.38,62.6,25.28
56,Velsk,2,RU,1567541797,96,61.07,42.1,53.91,5.08
57,San Quintin,82,PH,1567541650,87,17.54,120.52,73.53,2.62
58,Bilma,0,NE,1567541588,14,18.69,12.92,97.47,5.64
59,Lavrentiya,100,RU,1567541620,98,65.58,-170.99,45.99,4.0
60,Tessalit,99,ML,1567541797,24,20.2,1.01,96.93,5.19
61,Bucerias,75,MX,1567541605,62,20.76,-105.33,90.0,11.41
62,Canmore,1,CA,1567541797,35,51.09,-115.35,71.01,5.82
63,Hithadhoo,0,MV,1567541798,77,-0.6,73.08,82.71,11.61
64,Esna,40,RO,1567541798,49,45.2,27.57,73.4,9.17
65,Arraial do Cabo,75,BR,1567541798,88,-22.97,-42.02,73.4,14.99
66,At-Bashi,0,KG,1567541798,55,41.17,75.81,44.73,2.04
67,Havre-Saint-Pierre,1,CA,1567541798,66,50.23,-63.6,55.4,18.34
68,Saint-Philippe,1,CA,1567541798,49,45.36,-73.48,69.8,4.0
69,Nabire,100,ID,1567541799,99,-3.36,135.5,68.13,2.77
70,Kahului,20,US,1567541799,51,20.89,-156.47,84.2,18.63
71,Severo-Kurilsk,100,RU,1567541799,95,50.68,156.12,50.49,12.91
72,Srednekolymsk,25,RU,1567541640,44,67.46,153.71,47.97,10.07
73,Vaini,100,IN,1567541799,96,15.34,74.49,75.15,3.71
74,Lufilufi,92,WS,1567541799,77,-13.87,-171.6,81.45,19.44
75,Butaritari,67,KI,1567541544,65,3.07,172.79,84.15,3.29
76,Chokurdakh,0,RU,1567541799,75,70.62,147.9,40.59,9.28
77,Hermanus,33,ZA,1567541800,83,-34.42,19.24,59.0,1.99
78,Chapais,75,CA,1567541693,50,49.78,-74.86,57.2,9.17
79,Bluff,88,AU,1567541800,36,-23.58,149.07,63.63,2.33
80,Ahipara,93,NZ,1567541800,100,-35.17,173.16,57.0,12.12
81,Seoul,90,KR,1567541744,94,37.57,126.98,73.4,2.24
82,La Ronge,75,CA,1567541609,68,55.1,-105.3,66.2,6.93
83,Prokudskoye,0,RU,1567541800,87,55.01,82.46,46.4,6.71
84,Aykhal,90,RU,1567541801,86,65.95,111.51,39.2,2.24
85,Paciran,44,ID,1567541801,91,-6.9,112.33,66.87,4.25
86,Ha Tinh,100,VN,1567541801,93,18.33,105.9,74.43,7.4
87,Corrente,0,BR,1567541801,22,-17.45,-44.68,85.05,4.97
88,Ulaanbaatar,40,MN,1567541801,46,47.92,106.92,62.6,11.18
89,Cadiz,75,US,1567541801,51,40.27,-81.0,82.99,12.75
90,Sao Lourenco do Sul,20,BR,1567541801,38,-31.37,-51.98,59.0,8.05
91,Broken Hill,0,AU,1567541560,40,-31.97,141.45,53.6,6.93
92,Georgetown,20,GY,1567541802,66,6.8,-58.16,87.8,11.41
93,Mount Gambier,90,AU,1567541802,100,-37.83,140.78,44.6,8.05
94,Socorro,20,US,1567541802,20,31.65,-106.3,95.0,8.05
95,Hobart,0,AU,1567541800,57,-42.88,147.33,50.0,8.05
96,Gat,75,SN,1567541802,63,14.69,-16.54,91.4,2.24
97,Ilulissat,20,GL,1567541802,52,69.22,-51.1,46.4,4.7
98,Lincolnton,75,US,1567541606,40,35.47,-81.25,93.2,4.7
99,Ayan,0,IR,1567541803,63,38.23,44.7,53.91,4.97
100,Hilo,20,US,1567541803,62,19.71,-155.08,84.99,6.93
101,San Patricio,0,PY,1567541803,67,-26.98,-56.83,63.63,7.07
102,Saurimo,100,AO,1567541803,33,-9.66,20.4,78.21,2.55
103,Mahebourg,75,MU,1567541610,73,-20.41,57.7,73.4,11.41
104,Lokosovo,73,RU,1567541803,96,61.13,74.84,45.99,6.42
105,Grindavik,0,IS,1567541803,71,63.84,-22.43,51.8,11.41
106,Tacuarembo,0,UY,1567541803,71,-31.73,-55.98,46.71,5.7
107,Zhezkazgan,0,KZ,1567541804,49,47.8,67.71,52.11,4.99
108,Shimoda,28,JP,1567541804,93,34.7,138.93,75.99,2.86
109,Cidreira,76,BR,1567541804,64,-30.17,-50.22,53.73,7.74
110,San Rafael,0,AR,1567541804,15,-34.61,-68.33,52.47,13.11
111,Puerto Ayora,20,EC,1567541523,61,-0.74,-90.35,80.6,20.8
112,Pesochnoye,0,RU,1567541804,83,58.01,39.18,52.47,5.55
113,Mbanza-Ngungu,53,CD,1567541804,62,-5.25,14.87,76.23,6.69
114,Bathsheba,40,BB,1567541805,66,13.22,-59.52,87.8,19.46
115,Rawson,100,AR,1567541805,56,-43.3,-65.11,38.07,26.44
116,Mukhen,93,RU,1567541805,86,48.19,136.14,57.51,8.3
117,Tuktoyaktuk,20,CA,1567541805,75,69.44,-133.03,44.6,14.99
118,Vanavara,0,RU,1567541805,90,60.35,102.28,41.31,2.08
119,Talnakh,90,RU,1567541805,100,69.49,88.39,44.6,4.47
120,Narsaq,100,GL,1567541805,62,60.91,-46.05,53.6,18.34
121,Saint George,20,GR,1567541566,57,39.45,22.34,79.0,10.29
122,Provideniya,90,RU,1567541583,93,64.42,-173.23,50.0,11.18
123,Burnie,71,AU,1567541806,82,-41.05,145.91,48.0,3.0
124,Cape Town,75,ZA,1567541567,72,-33.93,18.42,60.01,14.99
125,Xiaoweizhai,38,CN,1567541806,96,26.23,107.51,61.11,2.26
126,Evensk,88,RU,1567541806,51,61.92,159.24,49.95,3.06
127,Los Llanos de Aridane,0,ES,1567541695,64,28.66,-17.92,75.2,12.75
128,Komsomolskiy,100,RU,1567541806,79,67.55,63.78,49.41,5.88
129,Nyurba,100,RU,1567541806,98,63.29,118.35,45.81,2.33
130,Itarema,0,BR,1567541807,68,-2.92,-39.92,78.21,14.43
131,Kununurra,87,AU,1567541807,77,-15.77,128.74,59.0,2.24
132,Saint-Francois,0,FR,1567541807,39,46.42,3.91,66.2,2.24
133,Nikolskoye,75,RU,1567541807,87,59.7,30.79,57.0,2.24
134,Chara,20,GR,1567541807,57,39.42,22.43,79.0,10.29
135,Richards Bay,0,ZA,1567541807,76,-28.77,32.06,71.19,12.66
136,Saint Anthony,1,US,1567541808,12,43.97,-111.68,87.8,9.17
137,Dikson,100,RU,1567541808,90,73.51,80.55,39.15,8.59
138,Geraldton,90,CA,1567541808,62,49.72,-86.95,55.4,8.05
139,Beloha,0,MG,1567541808,80,-25.17,45.06,61.47,7.9
140,Adrar,100,DZ,1567541808,89,27.87,-0.29,86.0,34.45
141,Matagami,2,NG,1567541809,91,9.67,8.4,70.11,3.58
142,Santa Vitoria do Palmar,0,BR,1567541809,66,-33.52,-53.37,48.15,7.54
143,Yerbogachen,96,RU,1567541809,88,61.28,108.01,45.81,8.81
144,Alice Springs,67,AU,1567541809,15,-23.7,133.88,48.2,10.69
145,Kieta,100,PG,1567541810,77,-6.22,155.63,80.55,5.35
146,Mahasamund,100,IN,1567541810,96,21.11,82.1,74.79,10.58
147,Alta Floresta,46,BR,1567541810,20,-9.87,-56.08,98.01,2.15
148,Pisz,0,PL,1567541810,62,53.63,21.81,59.0,3.36
149,Humboldt,0,CA,1567541810,47,52.21,-105.12,68.85,9.28
150,Ancud,0,CL,1567541566,61,-41.87,-73.83,50.0,8.05
151,Yumen,43,CN,1567541811,31,40.29,97.04,69.03,6.96
152,Sitka,0,US,1567541811,32,37.17,-99.65,98.01,10.0
153,Chuy,48,UY,1567541811,58,-33.69,-53.46,48.69,11.5
154,Bossier City,40,US,1567541811,39,32.52,-93.73,96.8,3.36
155,Krasnoarmeysk,0,RU,1567541811,82,56.12,38.15,68.0,6.71
156,Dwarka,75,IN,1567541811,79,28.58,77.04,91.0,4.7
157,Pevek,0,RU,1567541812,84,69.7,170.27,37.53,3.04
158,Locri,75,IT,1567541812,88,38.24,16.26,75.2,4.7
159,Tahoua,77,NE,1567541812,40,14.89,5.26,92.61,2.42
160,Rujewa,23,TZ,1567541812,55,-8.7,34.38,67.05,9.42
161,Bonthe,100,SL,1567541812,89,7.53,-12.5,77.13,11.74
162,Okhotsk,6,RU,1567541812,88,59.36,143.24,51.57,4.72
163,Pauini,83,BR,1567541813,38,-7.71,-67.0,94.41,1.92
164,Sandur,0,IQ,1567541813,24,36.91,43.06,73.18,2.26
165,Atuona,0,PF,1567541813,76,-9.8,-139.03,79.29,14.32
166,Faanui,52,PF,1567541813,84,-16.48,-151.75,77.68,18.39
167,Poum,75,MK,1567541813,63,41.28,20.71,66.2,2.24
168,Champerico,40,MX,1567541813,51,16.38,-93.6,86.0,4.7
169,Billings,20,US,1567541800,26,45.79,-108.5,87.01,5.82
170,Fare,20,PF,1567541814,84,-16.7,-151.02,76.95,18.28
171,Half Moon Bay,90,US,1567541649,82,37.46,-122.43,80.01,9.17
172,Moron,11,HT,1567541814,67,18.56,-74.26,85.05,3.91
173,Ugoofaaru,100,MV,1567541814,78,5.67,73.0,81.99,9.84
174,Esperance,40,AU,1567541699,81,-33.86,121.89,48.2,13.87
175,Corpus Christi,1,US,1567541713,41,27.8,-97.4,96.01,19.46
176,Homer,75,US,1567541806,82,59.64,-151.54,60.8,12.75
177,Carnarvon,0,ZA,1567541814,11,-30.97,22.13,54.63,4.25
178,Ipilan,86,PH,1567541815,62,8.84,117.9,80.91,4.5
179,Tasiilaq,26,GL,1567541815,56,65.61,-37.64,44.6,4.7
180,Tura,100,RU,1567541607,91,64.27,100.22,48.69,5.5
181,Verkhnyaya Inta,8,RU,1567541815,88,65.99,60.32,44.73,7.36
182,Labuhan,0,ID,1567541815,61,-2.54,115.51,66.87,2.13
183,Codrington,0,AU,1567541816,93,-28.95,153.24,57.0,8.05
184,Ola,0,RU,1567541816,88,59.58,151.3,50.31,2.86
185,Strezhevoy,0,RU,1567541816,100,60.73,77.6,50.0,1.59
186,Biak,100,ID,1567541816,90,-0.91,122.88,57.15,2.82
187,Kenai,40,US,1567541816,67,60.55,-151.26,60.01,10.29
188,Minden,1,US,1567541816,51,40.5,-98.95,84.99,16.11
189,Kutum,0,SD,1567541817,33,14.2,24.66,82.53,6.13
190,Montrose,20,GB,1567541817,93,56.71,-2.47,60.8,16.11
191,Hun,75,BE,1567541817,77,50.34,4.87,62.01,6.93
192,Wolsztyn,0,PL,1567541817,48,52.11,16.12,64.4,2.24
193,Toora-Khem,2,RU,1567541817,92,52.47,96.11,42.39,0.89
194,Victoria,75,BN,1567541817,83,5.28,115.24,82.4,2.24
195,Garissa,19,KE,1567541818,75,-0.46,39.64,74.25,20.67
196,Norman Wells,75,CA,1567541818,81,65.28,-126.83,53.6,12.75
197,Aklavik,75,CA,1567541818,76,68.22,-135.01,50.0,11.41
198,Tianpeng,0,CN,1567541818,89,28.88,112.34,67.59,2.91
199,Vila Velha,20,BR,1567541818,65,-3.71,-38.6,82.4,16.11
200,Anahuac,42,MX,1567541819,70,26.44,-109.02,93.0,5.99
201,Harmanli,5,BG,1567541819,49,41.93,25.9,69.8,4.7
202,Alanya,20,TR,1567541819,83,36.55,32.0,79.0,4.7
203,Ridgetown,20,CA,1567541819,78,42.44,-81.88,80.01,17.22
204,Kalmunai,100,LK,1567541819,77,7.42,81.82,76.23,3.22
205,Tilichiki,25,RU,1567541820,64,60.47,166.1,45.99,5.21
206,Zalantun,13,CN,1567541820,92,48.0,122.72,59.49,1.7
207,Gunnedah,0,AU,1567541820,56,-30.98,150.25,42.8,3.36
208,Tabou,19,CI,1567541820,93,4.42,-7.36,74.61,4.25
209,Teknaf,100,BD,1567541820,86,20.86,92.31,81.81,24.07
210,Lakhipur,100,IN,1567541820,79,26.03,90.3,83.25,8.19
211,Castro,0,CL,1567541821,61,-42.48,-73.76,50.0,8.05
212,Peterhead,100,AU,1567541821,87,-34.83,138.5,55.0,6.93
213,Lasa,40,CY,1567541821,74,34.92,32.53,78.8,8.05
214,Nanortalik,100,GL,1567541821,87,60.14,-45.24,46.71,14.32
215,Hamilton,90,CA,1567541589,73,43.26,-79.87,78.01,13.87
216,Port Hardy,75,CA,1567541821,87,50.7,-127.42,59.0,8.05
217,Nikolayevka,0,RU,1567541821,56,46.73,38.57,75.87,4.92
218,Havoysund,0,NO,1567541822,58,71.0,24.66,55.4,23.04
219,Trelew,100,AR,1567541694,56,-43.25,-65.31,38.07,26.44
220,South River,40,US,1567541822,47,40.45,-74.39,84.99,8.05
221,Bethel,90,US,1567541822,81,60.79,-161.76,53.6,23.04
222,Kalang,0,AU,1567541822,93,-30.51,152.69,46.99,4.7
223,Lorengau,44,PG,1567541822,83,-2.02,147.27,79.83,6.55
224,Kizema,0,RU,1567541823,88,61.11,44.83,48.69,3.91
225,Sao Gabriel da Cachoeira,100,BR,1567541823,86,-0.13,-67.09,80.55,3.04
226,Torbay,90,CA,1567541654,77,47.66,-52.73,64.99,26.4
227,Kurilsk,0,RU,1567541528,82,45.23,147.88,60.21,13.27
228,Gamba,100,CN,1567541823,81,28.28,88.52,40.95,3.74
229,Witu,20,KE,1567541823,78,-2.39,40.44,77.0,8.23
230,Hobyo,54,SO,1567541823,76,5.35,48.53,77.85,29.42
231,Hualmay,3,PE,1567541824,86,-11.1,-77.61,60.75,9.08
232,Nelson Bay,0,AU,1567541824,93,-32.72,152.14,54.0,2.24
233,Bath,90,GB,1567541766,82,51.38,-2.36,64.4,8.05
234,Baghdad,0,IQ,1567541824,29,33.3,44.38,89.6,2.24
235,San Francisco,20,CO,1567541601,23,1.17,-76.88,82.4,16.11
236,Portland,40,US,1567541824,64,43.66,-70.25,77.0,8.05
237,Mehamn,0,NO,1567541824,81,71.03,27.85,50.0,2.24
238,Tiksi,32,RU,1567541825,91,71.64,128.87,39.69,5.53
239,Bambous Virieux,75,MU,1567541825,73,-20.34,57.76,73.0,6.93
240,Chor,94,PK,1567541825,74,25.52,69.77,85.41,13.51
241,Ketchikan,90,US,1567541627,87,55.34,-131.65,60.8,6.93
242,Harper,40,US,1567541825,28,30.3,-99.24,96.01,8.05
243,Vanimo,29,PG,1567541825,82,-2.67,141.3,79.47,8.81
244,Ibra,45,OM,1567541825,37,22.69,58.55,81.27,2.17
245,Gombong,98,ID,1567541826,85,-7.19,109.31,69.03,7.65
246,Cangucu,20,BR,1567541826,38,-31.39,-52.68,59.0,8.05
247,Sorland,75,NO,1567541826,81,67.67,12.69,50.0,21.92
248,Kavaratti,87,IN,1567541826,78,10.57,72.64,81.99,20.89
249,Bonga,100,ET,1567541826,98,7.26,36.25,58.59,1.21
250,Sao Joao da Barra,0,BR,1567541826,65,-21.64,-41.05,82.4,20.8
251,Touros,40,BR,1567541827,74,-5.2,-35.46,80.6,13.87
252,Thinadhoo,26,MV,1567541579,77,0.53,72.93,82.53,11.54
253,Guerrero,0,AR,1567541827,30,-24.19,-65.45,68.0,13.87
254,Diffa,40,NE,1567541827,41,13.32,12.61,89.01,9.91
255,Kirakira,100,SB,1567541827,87,-10.46,161.92,78.21,16.49
256,Quesnel,1,CA,1567541827,52,52.98,-122.49,69.8,4.7
257,Cranbrook,75,CA,1567541828,33,49.51,-115.76,75.2,4.7
258,Vidim,0,CZ,1567541828,62,50.47,14.53,60.01,5.82
259,Resistencia,0,AR,1567541828,42,-27.45,-58.99,68.0,9.17
260,Karratha,0,AU,1567541828,36,-20.74,116.85,66.33,14.9
261,Naryan-Mar,27,RU,1567541828,90,67.67,53.09,52.29,8.66
262,Calvinia,0,ZA,1567541828,28,-31.47,19.78,55.18,0.87
263,Pisco,40,PE,1567541829,30,-13.71,-76.2,71.6,8.05
264,San Joaquin,52,PH,1567541829,91,10.59,122.14,75.69,1.61
265,Pangnirtung,90,CA,1567541829,93,66.15,-65.72,44.6,10.29
266,Zorritos,0,PE,1567541829,33,-3.68,-80.68,89.6,9.17
267,Staraya Russa,100,RU,1567541829,95,57.99,31.36,52.83,8.25
268,Vyazemskiy,40,RU,1567541829,79,47.53,134.76,56.79,3.83
269,Phultala,100,BD,1567541829,91,22.7,89.52,80.01,6.73
270,Taoudenni,31,ML,1567541830,22,22.68,-3.98,100.18,21.81
271,Pochutla,75,MX,1567541830,49,15.74,-96.47,93.0,3.69
272,Kurumkan,100,RU,1567541830,92,54.33,110.32,44.55,2.06
273,Batagay,97,RU,1567541830,70,67.65,134.64,41.49,2.17
274,Sycamore,40,US,1567541830,94,41.99,-88.69,81.0,8.05
275,Katobu,34,ID,1567541831,96,-4.94,122.53,67.59,0.78
276,Severobaykalsk,58,RU,1567541831,87,55.65,109.32,42.03,2.91
277,Lamu,0,CN,1567541831,81,35.77,102.37,51.03,1.28
278,Vostok,0,RU,1567541831,90,46.45,135.83,51.93,3.09
279,Doksy,0,CZ,1567541831,62,50.56,14.66,64.4,5.82
280,Guthrie,1,US,1567541831,49,35.88,-97.43,95.0,8.05
281,Port Lincoln,100,AU,1567541581,86,-34.72,135.86,57.87,4.34
282,Alofi,77,NU,1567541802,83,-19.06,-169.92,73.4,10.29
283,Henties Bay,0,NA,1567541832,93,-22.12,14.28,54.0,1.99
284,Neiafu,75,TO,1567541832,78,-18.65,-173.98,77.0,13.87
285,Paita,0,PE,1567541832,290,-5.09,-81.11,62.6,11.41
286,Lake Jackson,20,US,1567541832,49,29.03,-95.43,96.01,9.17
287,Wanning,0,AT,1567541832,77,48.64,13.53,59.0,2.24
288,Mardin,0,TR,1567541645,24,37.32,40.72,70.11,4.85
289,Langarud,75,IR,1567541833,94,37.2,50.15,73.4,6.93
290,Tabligbo,40,TG,1567541833,88,6.59,1.5,78.8,9.17
291,Pershotravneve,100,UA,1567541833,82,51.38,28.88,54.27,10.54
292,Tabuk,100,PH,1567541833,94,17.41,121.44,63.27,3.11
293,Vilyuysk,9,RU,1567541833,94,63.75,121.63,36.63,1.7
294,Rocha,67,UY,1567541834,66,-34.48,-54.34,43.47,9.15
295,Rawdon,75,CA,1567541834,45,46.05,-73.71,69.01,3.36
296,Port Augusta,40,AU,1567541834,66,-32.49,137.76,55.99,4.7
297,Kaitangata,100,NZ,1567541834,78,-46.28,169.85,43.0,3.0
298,Jiwani,17,PK,1567541834,77,25.05,61.74,83.61,11.52
299,Gelemso,54,ET,1567541834,73,8.81,40.52,67.05,13.89
300,Iqaluit,90,CA,1567541835,93,63.75,-68.52,42.8,21.92
301,Port Hedland,75,AU,1567541835,100,-20.31,118.58,59.0,8.05
302,Zhifang,0,CN,1567541835,83,30.35,114.31,71.6,6.71
303,Cabo San Lucas,40,MX,1567541558,74,22.89,-109.91,93.0,4.7
304,Nalut,0,LY,1567541835,66,31.86,10.98,73.18,8.72
305,Panguna,92,PG,1567541835,82,-6.32,155.48,80.73,12.66
306,Nome,40,US,1567541835,46,30.04,-94.42,96.01,11.41
307,Flinders,0,AU,1567541836,87,-34.58,150.85,48.99,4.7
308,Oktyabrskoye,20,RU,1567541836,93,56.73,85.44,48.0,4.47
309,Lebu,75,ET,1567541836,82,8.96,38.73,60.8,6.93
310,Oistins,40,BB,1567541836,66,13.07,-59.53,87.8,19.46
311,Mahajanga,20,MG,1567541836,83,-15.72,46.32,75.2,1.12
312,Puerto Lempira,40,HN,1567541836,63,15.27,-83.77,91.4,9.17
313,Tommot,100,RU,1567541837,97,58.97,126.27,47.97,4.81
314,Paamiut,100,GL,1567541837,92,61.99,-49.67,45.81,39.37
315,Tamale,91,GH,1567541729,82,9.4,-0.84,77.85,3.89
316,Sobolevo,88,RU,1567541837,95,54.43,31.9,58.77,10.76
317,Praxedis Guerrero,20,MX,1567541837,20,31.37,-106.02,95.0,8.05
318,Kirovsk,100,RU,1567541837,79,67.62,33.66,51.03,6.11
319,Sur,93,OM,1567541838,53,22.57,59.53,83.97,9.08
320,Constitucion,40,MX,1567541838,53,23.99,-104.67,73.0,16.15
321,Kayerkan,90,RU,1567541838,100,69.35,87.76,44.6,4.47
322,Sao Jose da Coroa Grande,0,BR,1567541838,91,-8.9,-35.15,71.01,4.36
323,Tiarei,40,PF,1567541838,69,-17.53,-149.33,84.0,3.36
324,Dalby,0,AU,1567541839,44,-27.18,151.26,43.0,4.7
325,Doha,0,QA,1567541642,70,25.29,51.53,93.2,4.7
326,Cayeli,54,TR,1567541839,85,41.09,40.73,65.43,4.45
327,Zilupe,100,RU,1567541839,97,56.39,28.12,50.85,3.62
328,Orlik,40,PL,1567541839,67,53.95,17.74,60.01,8.05
329,Zaozerne,19,UA,1567541839,90,51.37,23.94,52.65,5.44
330,Aljezur,0,PT,1567541840,56,37.31,-8.8,71.01,9.89
331,Parangan,100,PH,1567541840,78,5.08,119.94,82.53,10.33
332,Souillac,0,FR,1567541840,37,45.6,-0.6,71.6,5.82
333,Solnechnyy,33,RU,1567541840,84,50.72,136.64,50.85,1.16
334,Hyvinkaa,0,FI,1567541840,76,60.63,24.87,55.4,6.93
335,Te Anau,100,NZ,1567541619,88,-45.41,167.72,40.77,0.6
336,Taganak,75,PH,1567541840,94,6.08,118.3,78.8,6.02
337,Grand-Lahou,60,CI,1567541841,96,5.24,-5.0,72.81,2.51
338,Morondava,57,MG,1567541841,67,-20.3,44.28,75.51,23.04
339,Aksarka,100,RU,1567541841,81,66.56,67.8,48.87,2.59
340,Longyearbyen,90,NO,1567541841,98,78.22,15.63,33.8,9.17
341,Kaitong,84,CN,1567541841,91,44.81,123.15,65.97,8.95
342,Piet Retief,0,ZA,1567541567,35,-27.01,30.81,47.61,1.57
343,Dali,97,CN,1567541842,60,34.79,109.94,70.11,7.99
344,Kruisfontein,1,ZA,1567541842,92,-34.0,24.73,51.57,8.01
345,Elko,1,US,1567541842,22,40.83,-115.76,90.0,4.7
346,Le Port,0,FR,1567541842,49,42.87,1.37,63.0,5.01
347,Vila Franca do Campo,20,PT,1567541842,68,37.72,-25.43,71.01,12.75
348,Chingola,33,ZM,1567541624,55,-12.55,27.86,66.33,7.61
349,Saldanha,0,PT,1567541842,28,41.42,-6.55,76.77,1.63
350,Klaksvik,100,FO,1567541843,70,62.23,-6.59,48.2,10.29
351,Trat,100,TH,1567541843,89,12.25,102.51,81.0,3.4
352,Vysokogornyy,0,RU,1567541843,95,50.1,139.13,46.17,2.15
353,Romani,0,HR,1567541843,52,45.33,13.81,72.0,5.82
354,Sechura,56,PE,1567541843,91,-5.56,-80.82,61.83,18.48
355,Tezu,97,IN,1567541843,90,27.93,96.16,74.25,3.27
356,Skovorodino,100,RU,1567541843,98,53.99,123.94,51.57,2.86
357,Ustka,94,PL,1567541844,80,54.58,16.86,63.63,17.96
358,Bitung,20,ID,1567541844,88,1.44,125.19,69.8,2.24
359,San Ramon,20,NI,1567541844,40,12.92,-85.84,86.0,5.57
360,Sao Felix do Xingu,92,BR,1567541681,58,-6.64,-51.99,83.43,4.07
361,Ahuimanu,40,US,1567541844,48,21.44,-157.84,87.8,12.75
362,East London,0,ZA,1567541844,80,-33.02,27.91,54.27,3.87
363,Leshukonskoye,0,RU,1567541844,90,64.9,45.76,53.91,5.39
364,Poronaysk,21,RU,1567541845,80,49.22,143.1,53.01,1.72
365,Wilmington,1,US,1567541644,37,39.75,-75.55,88.0,2.26
366,Marrakesh,40,MA,1567541550,45,31.63,-7.99,84.2,10.29
367,Marawi,100,PH,1567541606,90,8.0,124.29,73.0,7.0
368,Sinnamary,0,GF,1567541845,81,5.38,-52.96,81.99,17.81
369,Limaong,100,PH,1567541845,79,7.36,122.37,79.83,6.2
370,Uralets,43,RU,1567541845,99,57.66,59.65,40.05,3.78
371,Konotop,0,UA,1567541845,67,51.24,33.21,64.53,3.47
372,Semey,100,KZ,1567541846,51,50.41,80.25,47.97,3.44
373,Nandu,90,CN,1567541846,94,31.44,119.33,69.8,2.24
374,Trincomalee,100,LK,1567541846,71,8.58,81.23,79.11,9.13
375,Alihe,34,CN,1567541846,98,50.57,123.73,56.25,1.05
376,Tchollire,100,CM,1567541846,91,8.4,14.17,73.71,2.84
377,Yinchuan,35,CN,1567541846,62,38.48,106.21,63.45,2.91
378,Mana,0,NG,1567541846,53,13.03,5.27,85.59,9.04
379,Shirokiy,38,RU,1567541847,69,53.87,39.17,48.99,8.19
380,Plattsburgh,1,US,1567541675,49,44.69,-73.46,72.0,4.27
381,Olinda,40,AU,1567541847,100,-37.84,145.39,53.01,11.41
382,Husavik,98,CA,1567541847,60,50.56,-96.99,57.99,5.01
383,Bertoua,23,CM,1567541847,93,4.58,13.68,69.57,1.54
384,Great Bend,20,US,1567541847,44,38.36,-98.78,97.0,8.05
385,Lixourion,20,GR,1567541848,74,38.2,20.43,78.8,11.41
386,Lompoc,1,US,1567541848,47,34.64,-120.46,91.4,10.29
387,Male,0,UA,1567541848,59,50.74,33.7,66.87,4.85
388,Prieska,0,ZA,1567541848,11,-29.67,22.74,59.31,6.33
389,Emilio Carranza,91,MX,1567541848,48,19.97,-96.61,88.11,9.62
390,Isangel,40,VU,1567541849,88,-19.55,169.27,66.2,15.46
391,Cayenne,20,GF,1567541849,62,4.94,-52.33,87.8,12.75
392,Arkhangelsk,20,RU,1567541849,82,64.54,40.54,64.4,4.47
393,Beatrice,1,US,1567541577,62,40.27,-96.75,87.8,4.7
394,Fomboni,13,KM,1567541849,83,-12.28,43.74,77.13,10.98
395,Iracoubo,0,GF,1567541849,76,5.48,-53.21,81.81,8.61
396,Kysyl-Syr,0,RU,1567541849,95,63.9,122.77,36.63,0.92
397,Necochea,58,AR,1567541850,83,-38.55,-58.74,44.01,15.01
398,Svetlogorsk,90,RU,1567541850,100,53.14,59.15,48.2,8.95
399,Bischofsheim,0,DE,1567541850,56,49.99,8.36,69.8,10.29
400,Simi Valley,5,US,1567541643,36,34.27,-118.78,98.01,6.93
401,Port Elizabeth,1,US,1567541850,48,39.31,-74.98,88.0,6.04
402,Visnes,40,NO,1567541850,76,59.36,5.22,53.6,2.24
403,San Matias,80,BO,1567541850,52,-16.36,-58.4,84.69,8.77
404,Monster,17,NL,1567541851,77,52.03,4.17,64.4,5.82
405,Buala,77,SB,1567541851,78,-8.15,159.59,80.55,1.7
406,Makokou,82,GA,1567541851,96,0.56,12.85,70.65,3.62
407,Impfondo,99,CD,1567541851,87,1.62,18.06,73.89,2.04
408,Turan,81,RU,1567541851,87,52.15,93.92,42.57,2.64
409,Huarmey,0,PE,1567541851,88,-10.07,-78.15,60.75,9.98
410,Sri Aman,99,MY,1567541852,88,1.24,111.46,77.0,1.7
411,Phonhong,100,LA,1567541852,89,18.5,102.42,72.99,1.72
412,Hokitika,100,NZ,1567541615,56,-42.72,170.96,52.65,5.77
413,Bilibino,0,RU,1567541852,57,68.06,166.44,38.61,1.88
414,Ballina,90,IE,1567541852,100,54.11,-9.15,59.0,9.17
415,Sao Jose de Piranhas,89,BR,1567541852,40,-7.12,-38.5,85.95,3.33
416,Imphal,100,IN,1567541852,91,24.8,93.94,69.93,1.79
417,Brookhaven,1,US,1567541837,44,40.78,-72.92,82.99,3.36
418,Mildura,41,AU,1567541853,81,-34.18,142.16,50.0,0.65
419,Mareeba,61,AU,1567541853,87,-16.99,145.42,51.8,2.24
420,Marsa Matruh,40,EG,1567541853,83,31.35,27.25,78.8,8.05
421,Presidencia Roque Saenz Pena,0,AR,1567541829,47,-26.79,-60.44,67.59,8.12
422,Tirau,100,NZ,1567541853,94,-37.98,175.76,60.01,7.0
423,Warrenton,0,ZA,1567541769,14,-28.11,24.85,61.29,12.41
424,Chinchani,100,IN,1567541853,91,16.42,74.53,71.19,13.65
425,Darnah,0,LY,1567541853,84,32.77,22.64,78.39,9.69
426,Corner Brook,90,CA,1567541854,93,48.95,-57.95,62.6,6.93
427,Suntar,67,RU,1567541854,95,62.16,117.65,45.45,4.16
428,Amahai,59,ID,1567541854,89,-3.31,129.0,74.61,7.92
429,Sierre,0,CH,1567541854,93,46.29,7.53,62.01,1.12
430,Priargunsk,100,RU,1567541854,95,50.37,119.09,60.75,4.05
431,Petropavl,44,KZ,1567541854,93,54.87,69.13,42.8,4.47
432,Luderitz,33,NA,1567541855,82,-26.65,15.16,57.2,9.17
433,Barabai,0,ID,1567541855,79,-2.59,115.38,68.85,1.79
434,Warmbad,8,DE,1567541855,54,50.67,13.08,60.01,2.24
435,Fairbanks,75,US,1567541626,62,64.84,-147.72,59.0,3.36
436,Farmington,1,US,1567541855,16,36.73,-108.21,99.0,8.05
437,Aranos,0,NA,1567541855,17,-24.14,19.11,64.53,11.18
438,Omboue,30,GA,1567541855,83,-1.57,9.26,76.05,14.81
439,Biltine,53,TD,1567541856,59,14.53,20.93,84.87,10.74
440,Dallas,40,US,1567541635,34,32.78,-96.8,98.01,4.7
441,Rio Gallegos,75,AR,1567541574,44,-51.62,-69.22,41.0,8.05
442,Barahona,40,DO,1567541856,70,18.21,-71.1,87.8,17.22
443,Mancora,0,PE,1567541856,290,-4.1,-81.05,62.6,11.41
444,Marcala,1,HN,1567541856,36,14.16,-88.04,93.2,2.37
445,Joshimath,100,IN,1567541856,95,30.57,79.57,56.43,0.81
446,Bosaso,0,SO,1567541857,64,11.28,49.18,89.55,7.16
447,Yarada,75,IN,1567541857,88,17.65,83.27,80.6,5.82
448,Pyapon,100,MM,1567541610,95,16.29,95.68,76.23,9.1
449,Saharanpur,33,IN,1567541561,86,29.96,77.54,80.19,5.99
450,High Level,75,CA,1567541857,46,58.52,-117.13,71.6,5.82
451,Bontang,7,ID,1567541857,99,0.12,117.47,71.55,1.14
452,Bandarbeyla,36,SO,1567541857,67,9.49,50.81,76.77,25.57
453,Wattegama,95,LK,1567541857,89,7.35,80.68,72.09,4.65
454,Cabedelo,20,BR,1567541857,69,-6.97,-34.84,80.6,13.87
455,Xining,0,CN,1567541858,83,36.62,101.77,48.33,3.04
456,Maromitsa,53,RU,1567541858,86,59.87,48.01,45.99,1.86
457,Bad Waldsee,0,DE,1567541708,87,47.92,9.75,61.0,3.36
458,Vestmannaeyjar,0,IS,1567541858,70,63.44,-20.27,51.57,18.59
459,Iskateley,27,RU,1567541858,90,67.68,53.15,52.29,8.66
460,Tshane,0,BW,1567541858,16,-24.02,21.87,61.65,8.23
461,Ternate,75,PH,1567541859,88,14.29,120.72,78.8,4.7
462,Mumford,32,GH,1567541859,91,5.26,-0.76,73.71,4.09
463,Jian,100,IN,1567541859,80,25.65,87.89,82.71,7.67
464,Teresa,75,PH,1567541859,88,14.56,121.21,78.8,4.7
465,Luhyny,100,UA,1567541859,83,51.08,28.4,54.09,12.46
466,Demba,100,CD,1567541859,79,-5.47,22.27,75.15,2.95
467,Satuba,75,BR,1567541860,74,-9.57,-35.82,78.8,10.29
468,Maniitsoq,100,GL,1567541860,86,65.42,-52.9,47.25,24.67
469,Daru,100,PG,1567541860,78,-9.07,143.21,72.99,7.45
470,Mendoza,0,AR,1567541860,17,-32.89,-68.84,53.6,4.7
471,Marystown,100,CA,1567541815,97,47.17,-55.16,60.93,19.37
472,Altamira,40,BR,1567541860,56,-3.2,-52.21,93.2,4.7
473,Caravelas,0,BR,1567541860,81,-17.73,-39.27,74.61,10.76
474,Mnogovershinnyy,0,RU,1567541861,75,53.94,139.92,48.33,6.69
475,Rongcheng,100,CN,1567541861,84,37.16,122.42,71.73,13.76
476,Juneau,90,US,1567541861,87,58.3,-134.42,59.0,1.63
477,Bend,1,US,1567541642,30,44.06,-121.32,82.99,8.05
478,Fredericksburg,1,US,1567541564,55,38.3,-77.46,89.01,3.36
479,Lithgow,0,AU,1567541861,100,-33.48,150.16,41.0,3.87
480,Lloydminster,20,CA,1567541861,52,53.28,-110.01,69.8,12.75
481,Genhe,92,CN,1567541862,98,50.78,121.52,55.35,2.01
482,Kuvandyk,100,RU,1567541862,96,51.48,57.35,47.79,1.95
483,Namibe,53,AO,1567541862,85,-15.19,12.15,65.07,6.11
484,Vila,0,IT,1567541863,60,45.18,8.4,75.99,3.36
485,Hambantota,100,LK,1567541652,82,6.12,81.12,80.73,14.0
486,Mitsamiouli,36,KM,1567541863,82,-11.38,43.28,77.49,15.43
487,Albanel,75,CA,1567541863,54,48.88,-72.44,60.01,3.36
488,Coahuayana,16,MX,1567541863,63,18.62,-100.35,86.13,2.77
489,Fort-Shevchenko,0,KZ,1567541864,61,44.51,50.26,69.75,9.17
490,Byron Bay,0,AU,1567541864,93,-28.65,153.62,57.0,3.36
491,Tutoia,0,BR,1567541864,70,-2.76,-42.27,84.2,21.92
492,Tshikapa,0,CD,1567541864,59,-6.42,20.79,78.21,2.82
493,Acari,62,BR,1567541864,51,-6.44,-36.64,83.07,18.68
494,Vardo,20,US,1567541864,42,39.62,-77.74,87.01,8.05
495,Novikovo,0,RU,1567541865,67,51.15,37.89,63.45,9.64
496,Stromness,90,CA,1567541865,64,42.87,-79.55,80.01,13.87
497,Baykit,39,RU,1567541865,95,61.68,96.39,36.45,1.54
498,Lincoln,1,US,1567541840,51,40.8,-96.67,88.0,11.41
499,Kharp,96,RU,1567541865,87,66.82,65.8,44.19,6.67
500,Aswan,0,EG,1567541865,23,24.09,32.9,93.2,4.7
501,Shubarkuduk,88,KZ,1567541570,69,49.15,56.49,52.83,3.29
502,Challapata,1,BO,1567541865,41,-18.9,-66.78,53.91,3.51
503,Mayor Pablo Lagerenza,44,PY,1567541866,25,-19.93,-60.77,79.83,7.58
504,Goderich,83,CA,1567541866,83,43.74,-81.71,78.01,1.99
505,Luanda,28,AO,1567541866,94,-8.83,13.24,71.6,5.82
506,Dingle,100,PH,1567541866,83,11.0,122.67,73.18,3.06
507,Flin Flon,75,CA,1567541866,67,54.77,-101.88,57.2,9.17
508,Tecoanapa,75,MX,1567541867,70,16.99,-99.26,87.8,5.82
509,Bakchar,43,RU,1567541867,97,57.02,82.07,42.03,4.03
510,Morros,75,BR,1567541867,74,-2.87,-44.04,82.4,18.34
511,Melo,0,UY,1567541867,74,-32.37,-54.17,45.81,6.44
512,Kavarna,20,BG,1567541867,64,43.43,28.33,69.8,3.36
513,Pangody,89,RU,1567541867,83,65.85,74.49,46.89,7.92
514,Batavia,40,US,1567541868,50,43.0,-78.19,81.0,4.7
515,Atbasar,0,KZ,1567541868,82,51.81,68.36,44.73,2.04
516,Morgaushi,0,RU,1567541868,71,55.96,46.77,51.8,2.24
517,Poya,24,NC,1567541868,70,-21.35,165.16,69.57,16.31
518,Boa Vista,75,BR,1567541720,66,2.82,-60.67,86.0,8.05
519,Mount Isa,100,AU,1567541868,49,-20.73,139.49,46.4,1.12
520,Erenhot,27,CN,1567541869,31,43.65,111.97,71.55,7.67
521,Saint-Pierre,0,FR,1567541869,72,48.95,4.24,60.8,5.82
522,Kloulklubed,90,PW,1567541869,88,7.04,134.26,77.0,17.22
523,Kyshtovka,98,RU,1567541869,93,56.56,76.62,46.89,4.7
524,Farah,0,AF,1567541869,20,32.37,62.11,74.25,5.79
525,Angoche,67,MZ,1567541870,87,-16.23,39.91,69.93,4.43
526,Avera,75,US,1567541870,52,33.19,-82.53,93.2,8.05
527,Jiutai,0,CN,1567541870,93,44.15,125.84,66.2,4.47
528,Terra Santa,6,BR,1567541870,28,-2.1,-56.49,97.83,4.14
529,Muswellbrook,0,AU,1567541870,87,-32.27,150.89,46.99,2.48
530,Lagoa,0,PT,1567541871,69,37.14,-8.45,78.8,4.7
531,Peniche,0,PT,1567541871,39,39.36,-9.38,80.6,11.41
532,Canyon,1,US,1567541711,21,34.98,-101.92,95.0,10.29
533,Marica,75,BR,1567541764,94,-22.92,-42.82,73.4,12.75
534,Samarai,94,PG,1567541606,82,-10.62,150.67,69.93,7.16
535,Sao Luis de Montes Belos,4,BR,1567541871,20,-16.52,-50.37,89.73,1.97
536,Jinzhou,50,CN,1567541871,86,41.11,121.12,65.25,1.95
537,Ahmadnagar,100,IN,1567541871,88,19.09,74.75,72.45,19.62
538,Tikhvin,100,RU,1567541871,88,59.64,33.53,55.0,5.44
539,Emborion,65,GR,1567541872,46,40.48,21.55,72.0,1.19
540,Ibirama,34,BR,1567541872,79,-27.05,-49.52,68.0,1.99
